Name,Tags,Date,Status
Prepara-se para a Jornada (Onbording),,,Not started
Princípios de Desenvolvimento de Software,,,Not started
Primeira Página Interativa com Javascript,,,Not started
Resolvendo seus Primeiros Desafios de Código,,,Not started
Ganhando Produtividade com Angular,,,Not started
Trabalhando com Rota e Serviços no Angular,,,Not started
Dominando a Linguagem de Programação Java,,,Not started
Praticando sua abstração no Domínio Bancário,,,Not started
Banco de dados SQL e NoSQL para Devs,,,Not started
Ganhando Produtividade com Spring Framework e Java,,,Not started